ID,Citation,DOI
1,"Abid, R., Ammar, A., Maaloul, R., Souissi, N. and Hammouda, O., 2021. Effect of COVID-19-related home confinement on sleep quality, screen time and physical activity in Tunisian boys and girls: a survey. International journal of environmental research and public health, 18(6), p.3065.",10.3390/ijerph18063065
2,"Abreu, L., Koebach, A., Díaz, O., Carleial, S., Hoeffler, A., Stojetz, W., Freudenreich, H., Justino, P. and Brück, T., 2021. Life with corona: increased gender differences in aggression and depression symptoms due to the COVID-19 pandemic burden in Germany. Frontiers in psychology, 12, p.689396.",10.3389/fpsyg.2021.689396
3,"Abufaraj, M., Eyadat, Z., Al-Sabbagh, M.Q., Nimer, A., Moonesar, I.A., Yang, L., Al Khatib, W. and Al-Qutob, R.E., 2021. Gender-based disparities on health indices during COVID-19 crisis: a nationwide cross-sectional study in Jordan. International Journal for Equity in Health, 20, pp.1-10.",10.1186/s12939-021-01435-0
4,"Adu, M.K., Wallace, L.J., Lartey, K.F., Arthur, J., Oteng, K.F., Dwomoh, S., Owusu-Antwi, R., Larsen-Reindorf, R. and Agyapong, V.I., 2021. Prevalence and correlates of likely major depressive disorder among the adult population in Ghana during the COVID-19 pandemic. International journal of environmental research and public health, 18(13), p.7106.",10.3390/ijerph18137106
5,"Akré, E.R., Anderson, A., Stojanovski, K., Chung, K.W., VanKim, N.A. and Chae, D.H., 2021. Depression, anxiety, and alcohol use among LGBTQ+ people during the COVID-19 pandemic. American journal of public health, 111(9), pp.1610-1619.",10.2105/ajph.2021.306394
6,"Al Miskry, A.S.A., Hamid, A.A. and Darweesh, A.H.M., 2021. The impact of COVID-19 pandemic on university faculty, staff, and students and coping strategies used during the lockdown in the United Arab Emirates. Frontiers in Psychology, 12, p.682757.",10.3389/fpsyg.2021.682757
7,"Ali, M., Ahsan, G.U., Khan, R., Khan, H.R. and Hossain, A., 2020. Immediate impact of stay-at-home orders to control COVID-19 transmission on mental well-being in Bangladeshi adults: Patterns, Explanations, and future directions. BMC research notes, 13(1), p.494.",10.1186/s13104-020-05345-2
8,"AlSalman, A., Mubarak, H., Aljabal, M., Abdulnabi, M., Ishaq, A., Yusuf, A., Bragazzi, N. and Jahrami, H., 2020. The psychological impact of COVID-19 pandemic on the population of Bahrain. Acta Bio Medica: Atenei Parmensis, 91(4), p.e2020131.",10.2139/ssrn.3660648
9,"Amerio, A., Bertuccio, P., Santi, F., Bianchi, D., Brambilla, A., Morganti, A., Odone, A., Costanza, A., Signorelli, C., Aguglia, A. and Serafini, G., 2022. Gender differences in COVID-19 lockdown impact on mental health of undergraduate students. Frontiers in Psychiatry, 12, p.813130.",10.3389/fpsyt.2021.813130
10,"Andreenkova, A. and Andreenkova, E.V., 2021. Gender differences in the impact of COVID-19 pandemic on socio-economic and psychological wellbeing of students in Russia. European Journal of Public Health, 31(Supplement_3), pp.ckab164-181.",10.1093/eurpub/ckab164.181
11,"Antonini Philippe, R., Schwab, L. and Biasutti, M., 2021. Effects of physical activity and mindfulness on resilience and depression during the first wave of COVID-19 pandemic. Frontiers in Psychology, 12, p.700742.",10.3389/fpsyg.2021.700742
12,"Anyan, F., Hjemdal, O., Ernstsen, L. and Havnen, A., 2020. Change in physical activity during the coronavirus disease 2019 lockdown in Norway: The buffering effect of resilience on mental health. Frontiers in psychology, 11, p.598481.",10.3389/fpsyg.2020.598481
13,"Ashraf, F., Lee, S.A., Jobe, M.C., Mathis, A.A. and Kanwal, T., 2022. Bereavement in Pakistan during the COVID-19 pandemic: Psychometric analysis of the Pandemic Grief Scale-Urdu Version (PGS-UV). Death Studies, 46(6), pp.1465-1471.",10.1080/07481187.2022.2048197
14,"Ballarotto, G., Marzilli, E., Cerniglia, L., Cimino, S. and Tambelli, R., 2021. How does psychological distress due to the COVID-19 pandemic impact on internet addiction and Instagram addiction in emerging adults?. International journal of environmental research and public health, 18(21), p.11382.",10.3390/ijerph182111382
15,"Barros, C. and Sacau-Fontenla, A., 2021. New insights on the mediating role of emotional intelligence and social support on university students mental health during COVID-19 pandemic: gender matters. International journal of environmental research and public health, 18(24), p.12935.",10.3390/ijerph182412935
16,"Bermejo-Franco, A., Sánchez-Sánchez, J.L., Gaviña-Barroso, M.I., Atienza-Carbonell, B., Balanzá-Martínez, V. and Clemente-Suárez, V.J., 2022. Gender differences in psychological stress factors of physical therapy degree students in the COVID-19 pandemic: A cross-sectional study. International journal of environmental research and public health, 19(2), p.810.",10.3390/ijerph19020810
17,"Bermejo-Martins, E., Luis, E.O., Sarrionandia, A., Martínez, M., Garcés, M.S., Oliveros, E.Y., Cortés-Rivera, C., Belintxon, M. and Fernández-Berrocal, P., 2021. Different responses to stress, health practices, and self-care during COVID-19 lockdown: A stratified analysis. International Journal of Environmental Research and Public Health, 18(5), p.2253.",10.3390/ijerph18052253
18,"Bettinsoli, M.L., Di Riso, D., Napier, J.L., Moretti, L., Bettinsoli, P., Delmedico, M., Piazzolla, A. and Moretti, B., 2020. Mental health conditions of Italian healthcare professionals during the COVID?19 disease outbreak. Applied Psychology: Health and Well?Being, 12(4), pp.1054-1073.",10.1111/aphw.12239
19,"Boaz, M., Navarro, D.A., Raz, O. and Kaufman-Shriqui, V., 2021. Dietary changes and anxiety during the coronavirus pandemic: differences between the sexes. Nutrients, 13(12), p.4193.",10.3390/nu13124193
20,"Bodecka, M., Nowakowska, I., Zajenkowska, A., Rajchert, J., Ka?mierczak, I. and Jelonkiewicz, I., 2021. Gender as a moderator between Present-Hedonistic time perspective and depressive symptoms or stress during COVID-19 lock-down. Personality and Individual Differences, 168, p.110395.",10.1016/j.paid.2020.110395
21,"Borrescio-Higa, F. and Valenzuela, P., 2021. Gender inequality and mental health during the COVID-19 pandemic. International journal of public health, 66, p.1604220.",10.3389/ijph.2021.1604220
22,"Bowling, J., Basinger, E. and Montanaro, E.A., 2021. Making peace with bodies and sexual selves: Changes during COVID-19 among adults in the United States. International Journal of Environmental Research and Public Health, 18(21), p.11063.",10.3390/ijerph182111063
23,"Branquinho, C., Guedes, F.B., Cerqueira, A., Marques-Pinto, A., Branco, A., Galvão, C., Sousa, J., Goulão, L.F., Bronze, M.R., Viegas, W. and Matos, M.G.D., 2022. COVID-19 and lockdown, as lived and felt by university students. International journal of environmental research and public health, 19(20), p.13454.",10.3390/ijerph192013454
24,"Burrai, J., Quaglieri, A., Aitella, U., Cricenti, C., DAlessio, I., Pizzo, A., Lausi, G., Giannini, A.M. and Mari, E., 2022. The fear of COVID-19: gender differences among Italian health volunteers. International journal of environmental research and public health, 19(11), p.6369.",10.3390/ijerph19116369
25,"Buspavanich, P., Lech, S., Lermer, E., Fischer, M., Berger, M., Vilsmaier, T., Kaltofen, T., Keckstein, S., Mahner, S., Behr, J. and Thaler, C.J., 2021. Well-being during COVID-19 pandemic: A comparison of individuals with minoritized sexual and gender identities and cis-heterosexual individuals. PloS one, 16(6), p.e0252356.",10.1371/journal.pone.0252356
26,"Canal-Rivero, M., Armesto-Luque, L., Rubio-García, A., Rodriguez-Menéndez, G., Garrido-Torres, N., Capitán, L., Luque, A., Crespo-Facorro, B. and Ruiz-Veguilla, M., 2022. Trauma and stressor-related disorders among health care workers during COVID-19 pandemic and the role of the gender: A prospective longitudinal survey. Journal of Affective Disorders, 302, pp.110-122.",10.1016/j.jad.2022.01.021
27,"Canal-Rivero, M., Montes-García, C., Garrido-Torres, N., Moreno-Mellado, A., Reguera-Pozuelo, P., Ruiz-Veguilla, M. and Crespo-Facorro, B., 2023. The impact of COVID-19 pandemic on the psychological well-being among health care workers: a 6-month cohort longitudinal survey study. Revista de Psiquiatría y Salud Mental, 16, pp.25-37.",10.1016/j.rpsm.2022.08.001
28,"Chaiton, M., Musani, I., Pullman, M., Logie, C.H., Abramovich, A., Grace, D., Schwartz, R. and Baskerville, B., 2021. Access to mental health and substance use resources for 2SLGBTQ+ youth during the COVID-19 pandemic. International journal of environmental research and public health, 18(21), p.11315.",10.3390/ijerph182111315
29,"Chankasingh, K., Booth, A., Albert, A., Kaida, A., Smith, L.W., Racey, C.S., Gottschlich, A., Murray, M.C., Sadarangani, M., Ogilvie, G.S. and Galea, L.A., 2022. Coping during the COVID-19 pandemic: A mixed methods approach to understand how social factors influence coping ability. Heliyon, 8(10).",10.1016/j.heliyon.2022.e10880
31,"Chen, C., Guan, Z., Sun, L., Zhou, T. and Guan, R., 2022. COVID?19 exposure, pandemic?related appraisals, coping strategies, and psychological symptoms among the frontline medical staff and gender differences in coping processes. Applied Cognitive Psychology, 36(1), pp.111-120.",10.1002/acp.3902
32,"Chen, J.H., 2022. State containment measures, living arrangements, and mental health of US older adults during the COVID-19 pandemic. Aging & Mental Health, 26(10), pp.2100-2111.",10.1080/13607863.2021.2021142
33,"Cingel, D.P., Lauricella, A.R., Taylor, L.B., Stevens, H.R., Coyne, S.M. and Wartella, E., 2022. US adolescents attitudes toward school, social connection, media use, and mental health during the COVID-19 pandemic: Differences as a function of gender identity and school context. PLoS One, 17(10), p.e0276737.",10.1371/journal.pone.0276737
34,"Connor, J., Madhavan, S., Mokashi, M., Amanuel, H., Johnson, N.R., Pace, L.E. and Bartz, D., 2020. Health risks and outcomes that disproportionately affect women during the Covid-19 pandemic: A review. Social science & medicine, 266, p.113364.",10.1016/j.socscimed.2020.113364
35,"Coppola, I., Rania, N., Parisi, R. and Lagomarsino, F., 2021. Spiritual well-being and mental health during the COVID-19 pandemic in Italy. Frontiers in psychiatry, 12, p.626944.",10.3389/fpsyt.2021.626944
36,"De Caxias, F.P., Athayde, F.R.F.D., Januzzi, M.S., Pinheiro, L.V. and Turcio, K.H.L., 2021. Impact event and orofacial pain amid the COVID-19 pandemic in Brazil: a cross-sectional epidemiological study. Journal of Applied Oral Science, 29, p.e20210122.",10.1590/1678-7757-2021-0122
37,"De Pasquale, C., Sciacca, F., Conti, D., Pistorio, M.L., Hichy, Z., Cardullo, R.L. and Di Nuovo, S., 2021. Relations between mood states and eating behavior during COVID-19 pandemic in a sample of Italian college students. Frontiers in Psychology, 12, p.684195.",10.3389/fpsyg.2021.684195
38,"del Río-Casanova, L., Sánchez-Martín, M., García-Dantas, A., González-Vázquez, A. and Justo, A., 2021. Psychological responses according to gender during the early stage of COVID-19 in Spain. International Journal of Environmental Research and Public Health, 18(7), p.3731.",10.3390/ijerph18073731
39,"Ding, Y., Yang, J., Ji, T. and Guo, Y., 2021. Women suffered more emotional and life distress than men during the COVID-19 pandemic: the role of pathogen disgust sensitivity. International journal of environmental research and public health, 18(16), p.8539.",10.3390/ijerph18168539
40,"Docka?Filipek, D. and Stone, L.B., 2021. Twice a housewife: On academic precarity,hysterical women, faculty mental health, and service as gendered care work for the university family in pandemic times. Gender, Work & Organization, 28(6), pp.2158-2179.",10.1111/gwao.12723
41,"Dores, A.R., Carvalho, I.P., Burkauskas, J., Simonato, P., De Luca, I., Mooney, R., Ioannidis, K., Gómez-Martínez, M.Á., Demetrovics, Z., Abel, K.E. and Szabo, A., 2021. Exercise and use of enhancement drugs at the time of the COVID-19 pandemic: a multicultural study on coping strategies during self-isolation and related risks. Frontiers in psychiatry, 12, p.648501.",10.3389/fpsyt.2021.648501
42,"Dumitrache, L., St?nculescu, E., Nae, M., Dumbr?veanu, D., Simion, G., Talo?, A.M. and Mareci, A., 2021. Post-lockdown effects on students mental health in Romania: Perceived stress, missing daily social interactions, and boredom proneness. International Journal of Environmental Research and Public Health, 18(16), p.8599.",10.3390/ijerph18168599
43,"Epifanio, M.S., Andrei, F., Mancini, G., Agostini, F., Piombo, M.A., Spicuzza, V., Riolo, M., Lavanco, G., Trombini, E. and La Grutta, S., 2021. The impact of COVID-19 pandemic and lockdown measures on quality of life among Italian general population. Journal of clinical medicine, 10(2), p.289.",10.3390/jcm10020289
44,"Ertl, M.M., Trapp, S.K., Alzueta, E., Baker, F.C., Perrin, P.B., Caffarra, S., Yüksel, D., Ramos-Usuga, D. and Arango-Lasprilla, J.C., 2022. Trauma-related distress during the COVID-19 pandemic in 59 countries. The Counseling Psychologist, 50(3), pp.306-334.",10.1177/00110000211068112
45,"Etheridge, B. and Spantig, L., 2022. The gender gap in mental well-being at the onset of the Covid-19 pandemic: Evidence from the UK. European Economic Review, 145, p.104114.",10.1016/j.euroecorev.2022.104114
46,"Fenollar-Cortés, J., Jiménez, Ó., Ruiz-García, A. and Resurrección, D.M., 2021. Gender differences in psychological impact of the confinement during the COVID-19 outbreak in Spain: a longitudinal study. Frontiers in psychology, 12, p.682860.",10.3389/fpsyg.2021.682860
47,"Fernández-Abascal, E.G. and Martín-Díaz, M.D., 2021. Longitudinal study on affect, psychological well-being, depression, mental and physical health, prior to and during the COVID-19 pandemic in Spain. Personality and individual differences, 172, p.110591.",10.1016/j.paid.2020.110591
48,"Fish, J.N., Salerno, J., Williams, N.D., Rinderknecht, R.G., Drotning, K.J., Sayer, L. and Doan, L., 2021. Sexual minority disparities in health and well-being as a consequence of the COVID-19 pandemic differ by sexual identity. LGBT health, 8(4), pp.263-272.",10.1089/lgbt.2020.0489
50,"Fong, H.X., Cornish, K., Kirk, H., Ilias, K., Shaikh, M.F. and Golden, K.J., 2021. Impact of the COVID-19 lockdown in Malaysia: An examination of the psychological well-being of parent-child dyads and child behavior in families with children on the autism spectrum. Frontiers in Psychiatry, 12, p.733905.",10.3389/fpsyt.2021.733905
51,"Fox, L., Wylie, H., Cahill, F., Haire, A., Green, S., Kibaru, J., Hartley, C., Sullivan, R. and Van Hemelrijck, M., 2021. Gender differences in concerns about participating in cancer research during the COVID-19 pandemic. Cancer Control, 28, p.1073274821989315.",10.1177/1073274821989315
52,"Frank, E., Zhao, Z., Fang, Y., Rotenstein, L.S., Sen, S. and Guille, C., 2021. Experiences of work-family conflict and mental health symptoms by gender among physician parents during the COVID-19 pandemic. JAMA network open, 4(11), pp.e2134315-e2134315.",10.1001/jamanetworkopen.2021.34315
53,"Freibott, C.E., Stein, M.D. and Lipson, S.K., 2022. The influence of race, sexual orientation and gender identity on mental health, substance use, and academic persistence during the COVID-19 pandemic: A cross-sectional study from a national sample of college students in the healthy minds study. Drug and alcohol dependence reports, 3, p.100060.",10.1016/j.dadr.2022.100060
54,"Frontini, R., Rebelo-Gonçalves, R., Amaro, N., Salvador, R., Matos, R., Morouço, P. and Antunes, R., 2021. The relationship between anxiety levels, sleep, and physical activity during COVID-19 lockdown: An exploratory study. Frontiers in Psychology, 12, p.659599.",10.3389/fpsyg.2021.659599
55,"Güler, ?., Ayd?n, E., Rahman, M. and I??k, M., 2023. The role of Covid-19 outbreak on well-being of healthcare employees of Turkey by considering gender differences. Health care for women international, 44(7-8), pp.903-926.",10.1080/07399332.2022.2087077
56,"García-Fernández, L., Romero-Ferreiro, V., López-Roldán, P.D., Padilla, S. and Rodriguez-Jimenez, R., 2020. Mental health in elderly Spanish people in times of COVID-19 outbreak. The American Journal of Geriatric Psychiatry, 28(10), pp.1040-1045.",10.1016/j.jagp.2020.06.027
57,"García?Fernández, L., Romero?Ferreiro, V., Padilla, S., David López?Roldán, P., Monzó?García, M. and Rodriguez?Jimenez, R., 2021. Gender differences in emotional response to the COVID?19 outbreak in Spain. Brain and behavior, 11(1), p.e01934.",10.1002/brb3.1934
58,"García-Fernández, L., Romero-Ferreiro, V., Rodríguez, V., Alvarez-Mon, M.A., Lahera, G. and Rodriguez-Jimenez, R., 2022. What about mental health after one year of COVID-19 pandemic? A comparison with the initial peak. Journal of psychiatric research, 153, pp.104-108.",10.1016/j.jpsychires.2022.07.010
59,"Gargiulo, A.T., Peterson, L.M. and Grafe, L.A., 2021. Stress, coping, resilience, and sleep during the COVID?19 pandemic: A representative survey study of US adults. Brain and Behavior, 11(11), p.e2384.",10.1002/brb3.2384
60,"Gautam, K., Adhikari, R.P., Gupta, A.S., Shrestha, R.K., Koirala, P. and Koirala, S., 2020. Self-reported psychological distress during the COVID-19 outbreak in Nepal: findings from an online survey. BMC psychology, 8, pp.1-10.",10.1186/s40359-020-00497-z
61,"Gestsdottir, S., Gisladottir, T., Stefansdottir, R., Johannsson, E., Jakobsdottir, G. and Rognvaldsdottir, V., 2021. Health and well-being of university students before and during COVID-19 pandemic: A gender comparison. PloS one, 16(12), p.e0261346.",10.1371/journal.pone.0261346
62,"Giudice, V., Iannaccone, T., Faiella, F., Ferrara, F., Aversano, G., Coppola, S., De Chiara, E., Romano, M.G., Conti, V. and Filippelli, A., 2022. Gender differences in the impact of COVID-19 pandemic on mental health of Italian academic workers. Journal of Personalized Medicine, 12(4), p.613.",10.3390/jpm12040613
63,"González-Calderón, M.J., Baile, J.I. and Izquierdo-Sotorrío, E., 2022. A comparative cross-sectional study of the consequences of the COVID-19 lockdown on womens health behaviors in Spain. Nutrients, 14(4), p.846.",10.3390/nu14040846
64,"Gordon, J.L. and Presseau, J., 2023. Effects of parenthood and gender on well-being and work productivity among Canadian academic research faculty amidst the COVID-19 pandemic. Canadian psychology/psychologie canadienne, 64(2), p.144.",10.1037/cap0000327
65,"Gori, A. and Topino, E., 2021. Across the COVID-19 waves; assessing temporal fluctuations in perceived stress, post-traumatic symptoms, worry, anxiety and civic moral disengagement over one year of pandemic. International journal of environmental research and public health, 18(11), p.5651.",10.3390/ijerph18115651
66,"Gray, N.S., O'Connor, C., Knowles, J., Pink, J., Simkiss, N.J., Williams, S.D. and Snowden, R.J., 2020. The influence of the COVID-19 pandemic on mental well-being and psychological distress: impact upon a single country. Frontiers in psychiatry, 11, p.594115.",10.3389/fpsyt.2020.594115
67,"Guadagni, V., Umilta, A. and Iaria, G., 2020. Sleep quality, empathy, and mood during the isolation period of the COVID-19 pandemic in the Canadian population: females and women suffered the most. Frontiers in global women's health, 1, p.585938.",10.3389/fgwh.2020.585938
68,"Gurvich, C., Thomas, N., Thomas, E.H., Hudaib, A.R., Sood, L., Fabiatos, K., Sutton, K., Isaacs, A., Arunogiri, S., Sharp, G. and Kulkarni, J., 2021. Coping styles and mental health in response to societal changes during the COVID-19 pandemic. International journal of social psychiatry, 67(5), pp.540-549.",10.1177/0020764020961790
69,"Guse, J., Heinen, I., Mohr, S. and Bergelt, C., 2021. Understanding mental burden and factors associated with study worries among undergraduate medical students during the COVID-19 pandemic. Frontiers in Psychology, 12, p.734264.",10.3389/fpsyg.2021.734264
70,"Guszkowska, M. and D?browska-Zimakowska, A., 2022. Coping with stress during the second wave of the COVID-19 pandemic by Polish university students: Strategies, structure, and relation to psychological well-being. Psychology Research and Behavior Management, pp.339-352.",10.2147/prbm.s345648
71,"Hadar-Shoval, D., Alon-Tirosh, M., Asraf, K., Tannous-Haddad, L. and Tzischinsky, O., 2022. The association between mens mental health during COVID-19 and deterioration in economic status. American Journal of Men's Health, 16(2), p.15579883221082427.",10.1177/15579883221082427
72,"Halldorsdottir, T., Thorisdottir, I.E., Meyers, C.C., Asgeirsdottir, B.B., Kristjansson, A.L., Valdimarsdottir, H.B., Allegrante, J.P. and Sigfusdottir, I.D., 2021. Adolescent well?being amid the COVID?19 pandemic: Are girls struggling more than boys?. JCPP advances, 1(2), p.e12027.",10.1002/jcv2.12027
73,"Hamzaid, N.H., Gumisi, Z.G.R., Ahmad Helme, S.K., Azmi, N. and Shahril, M.R., 2022. Lifestyle and psychological factors affecting eating habits and physical activity among government servants in the states with the highest cumulative cases in Malaysia during the COVID-19 pandemic. Frontiers in Public Health, 10, p.816530.",10.3389/fpubh.2022.816530
74,"Hearne, B.N., 2022. Psychological distress across intersections of race/ethnicity, gender, and marital status during the COVID-19 pandemic. Ethnicity & Health, 27(8), pp.1932-1951.",10.1080/13557858.2021.1969537
75,"Heo, S., Peralta, P.D., Jin, L., Pereira Nunes, C.R. and Bell, M.L., 2022. Differences in self-perception of productivity and mental health among the STEMM-field scientists during the COVID-19 pandemic by sex and status as a parent: A survey in six languages. Plos one, 17(7), p.e0269834.",10.1371/journal.pone.0269834
76,"Herrera-Añazco, P., Urrunaga-Pastor, D., Benites-Zapata, V.A., Bendezu-Quispe, G., Toro-Huamanchumo, C.J. and Hernandez, A.V., 2022. Gender differences in depressive and anxiety symptoms during the first stage of the COVID-19 pandemic: a cross-sectional study in Latin America and the Caribbean. Frontiers in Psychiatry, 13, p.727034.",10.3389/fpsyt.2022.727034
77,"Hossain, M., 2021. COVID-19 and gender differences in mental health in low-and middle-income countries: Young working women are more vulnerable. SSM-mental health, 1, p.100039.",10.1016/j.ssmmh.2021.100039
78,"Hou, F., Bi, F., Jiao, R., Luo, D. and Song, K., 2020. Gender differences of depression and anxiety among social media users during the COVID-19 outbreak in China: a cross-sectional study. BMC public health, 20, pp.1-11.",10.1186/s12889-020-09738-7
79,"Hoyt, L.T., Cohen, A.K., Dull, B., Castro, E.M. and Yazdani, N., 2021. Constant stress has become the new normal: Stress and anxiety inequalities among US college students in the time of COVID-19. Journal of Adolescent Health, 68(2), pp.270-276.",10.1016/j.jadohealth.2020.10.030
80,"Hu, J., Zhang, Y., Xue, Q., Song, Y., Li, F., Lei, R., Wu, J. and Qian, J., 2021. Early mental health and quality of life in discharged patients with COVID-19. Frontiers in public health, 9, p.725505.",10.3389/fpubh.2021.725505
81,"Huang, Q., Luo, L.S., Wang, Y.Y., Jin, Y.H. and Zeng, X.T., 2021. Gender differences in psychological and behavioral responses of infected and uninfected health-care workers during the early COVID-19 outbreak. Frontiers in Public Health, 9, p.638975.",10.3389/fpubh.2021.638975
82,"Ishimoto, Y., Yamane, T., Matsumoto, Y., Takizawa, Y. and Kobayashi, K., 2022. The impact of gender differences, school adjustment, social interactions, and social activities on emotional and behavioral reactions to the COVID-19 pandemic among Japanese school children. SSM-mental health, 2, p.100077.",10.1016/j.ssmmh.2022.100077
83,"Itani, M.H., Eltannir, E., Tinawi, H., Daher, D., Eltannir, A. and Moukarzel, A.A., 2021. Severe social anxiety among adolescents during COVID-19 lockdown. Journal of patient experience, 8, p.23743735211038386.",10.1177/23743735211038386
84,"Jacques-Aviñó, C., López-Jiménez, T., Medina-Perucha, L., de Bont, J. and Berenguera, A., 2021. Social conditions and mental health during COVID-19 lockdown among people who do not identify with the man/woman binomial in Spain. PLoS One, 16(8), p.e0256261.",10.1371/journal.pone.0256261
85,"Jaenes Sánchez, J.C., Alarcon Rubio, D., Trujillo, M., Penaloza Gomez, R., Mehrsafar, A.H., Chirico, A., Giancamilli, F. and Lucidi, F., 2021. Emotional reactions and adaptation to COVID-19 lockdown (or confinement) by Spanish competitive athletes: some lesson for the future. Frontiers in psychology, 12, p.621606.",10.3389/fpsyg.2021.621606
86,"Jahrami, H., BaHammam, A.S., AlGahtani, H., Ebrahim, A., Faris, M., AlEid, K., Saif, Z., Haji, E., Dhahi, A., Marzooq, H. and Hubail, S., 2021. The examination of sleep quality for frontline healthcare workers during the outbreak of COVID-19. Sleep and Breathing, 25, pp.503-511.",10.1007/s11325-020-02135-9
87,"Kürbitz, L.I., Wiessner, C., Schoon, W., Briken, P., Schöttle, D. and Schröder, J., 2022. Gender differences in the association of psychological distress and sexual compulsivity before and during the COVID-19 pandemic. Journal of Behavioral Addictions.",10.1556/2006.2022.00046
88,"Kobayashi, T., Maeda, M., Takebayashi, Y. and Sato, H., 2021. Traditional gender differences create gaps in the effect of COVID-19 on psychological distress of Japanese workers. International Journal of Environmental Research and Public Health, 18(16), p.8656.",10.3390/ijerph18168656
89,"Kolakowsky-Hayner, S.A., Goldin, Y., Kingsley, K., Alzueta, E., Arango-Lasprilla, J.C., Perrin, P.B., Baker, F.C., Ramos-Usuga, D. and Constantinidou, F., 2021. Psychosocial impacts of the COVID-19 quarantine: a study of gender differences in 59 countries. Medicina, 57(8), p.789.",10.3390/medicina57080789
90,"Krueger, E.A., Barrington-Trimis, J.L., Unger, J.B. and Leventhal, A.M., 2021. Sexual and gender minority young adult coping disparities during the COVID-19 pandemic. Journal of Adolescent Health, 69(5), pp.746-753.",10.1016/j.jadohealth.2021.07.021
91,"Ku?nierz, C., Rogowska, A.M., Kwa?nicka, A. and Ochnik, D., 2021. The mediating role of orthorexia in the relationship between physical activity and fear of COVID-19 among university students in Poland. Journal of Clinical Medicine, 10(21), p.5061.",10.3390/jcm10215061
92,"Kuki?, F., Orr, R.M., Veskovi?, A., Petrovi?, N., Suboi?, D. and Koropanovski, N., 2022. Association between perceived stress, coping profile and fear during the COVID-19 pandemic among male and female police students. Medycyna Pracy, 73(3), pp.179-190.",10.13075/mp.5893.01145
93,"Lopez-Atanes, M., Pijoan-Zubizarreta, J.I., Gonzalez-Briceno, J.P., Leones-Gil, E.M., Recio-Barbero, M., Gonzalez-Pinto, A., Segarra, R. and Saenz-Herrero, M., 2021. Gender-based analysis of the psychological impact of the COVID-19 pandemic on healthcare workers in Spain. Frontiers in Psychiatry, 12, p.692215.",10.3389/fpsyt.2021.692215
94,"Laufer, A. and Shechory Bitton, M., 2021. Gender differences in the reaction to COVID-19. Women & health, 61(8), pp.800-810.",10.1080/03630242.2021.1970083
95,"Lekka, D., Orlandou, K., Roubi, A., Darahani, D., Mpoulougari, S., Anagnosti, F., Baras, S., Tsaraklis, A. and Stalikas, A., 2021. The effect of personality traits on the quality of life of health professionals in COVID-19 reference hospital. Cureus, 13(9).",10.7759/cureus.17897
96,"Lelek?Kratiuk, M. and Szczygie?, M., 2022. Stress appraisal as a mediator between the sense of coherence and the frequency of stress coping strategies in women and men during COVID?19 lockdown. Scandinavian journal of psychology, 63(4), pp.365-375.",10.1111/sjop.12813
97,"Li, M., Su, H., Liao, Z., Qiu, Y., Chen, Y., Zhu, J., Pei, Y., Jin, P., Xu, J. and Qi, C., 2021. Gender differences in mental health disorder and substance abuse of Chinese international college students during the COVID-19 pandemic. Frontiers in psychiatry, 12, p.710878.",10.3389/fpsyt.2021.710878
98,"Li, M., Yu, C., Zuo, X., Karp, C., Ramaiya, A., Blum, R. and Moreau, C., 2022. COVID-19 experiences and health-related implications: results from a mixed-method longitudinal study of urban poor adolescents in Shanghai. Journal of Adolescent Health, 71(1), pp.30-38.",10.1016/j.jadohealth.2022.03.016
99,"Li, Y., Li, J., Yang, Z., Zhang, J., Dong, L., Wang, F. and Zhang, J., 2021. Gender differences in anxiety, depression, and nursing needs among isolated coronavirus disease 2019 patients. Frontiers in Psychology, 12, p.615909.",10.3389/fpsyg.2021.615909
100,"Liébana-Presa, C., Martínez-Fernández, M.C., Benítez-Andrades, J.A., Fernández-Martínez, E., Marqués-Sánchez, P. and García-Rodríguez, I., 2020. Stress, emotional intelligence and the intention to use cannabis in Spanish adolescents: Influence of COVID-19 confinement. Frontiers in psychology, 11, p.582578.",10.3389/fpsyg.2020.582578
101,"Lins, S., Koch, R., Aquino, S., de Freitas Melo, C. and Costa, I.M., 2021. Anxiety, depression, and stress: Can mental health variables predict panic buying?. Journal of psychiatric research, 144, pp.434-440.",10.1016/j.jpsychires.2021.11.008
102,"Liu, N., Zhang, F., Wei, C., Jia, Y., Shang, Z., Sun, L., Wu, L., Sun, Z., Zhou, Y., Wang, Y. and Liu, W., 2020. Prevalence and predictors of PTSS during COVID-19 outbreak in China hardest-hit areas: Gender differences matter. Psychiatry research, 287, p.112921.",10.1016/j.psychres.2020.112921
103,"Liu, S., Yang, L., Zhang, C., Xu, Y., Cai, L., Ma, S., Wang, Y., Cai, Z., Du, H., Li, R. and Kang, L., 2021. Gender differences in mental health problems of healthcare workers during the coronavirus disease 2019 outbreak. Journal of psychiatric research, 137, pp.393-400.",10.1016/j.jpsychires.2021.03.014
104,"Liu, S.R., Davis, E.P., Palma, A.M., Sandman, C.A. and Glynn, L.M., 2022. The acute and persisting impact of COVID-19 on trajectories of adolescent depression: Sex differences and social connectedness. Journal of Affective Disorders, 299, pp.246-255.",10.1016/j.jad.2021.11.030
105,"Liu, Y., Frazier, P.A., Porta, C.M. and Lust, K., 2022. Mental health of US undergraduate and graduate students before and during the COVID-19 pandemic: Differences across sociodemographic groups. Psychiatry research, 309, p.114428.",10.1016/j.psychres.2022.114428
106,"Liu, Y., Frazier, P.A., Porta, C.M. and Lust, K., 2022. Mental health of US undergraduate and graduate students before and during the COVID-19 pandemic: Differences across sociodemographic groups. Psychiatry research, 309, p.114428.",10.1016/j.psychres.2022.114428
107,,10.17504/protocols.io.5qpvor567v4o/v1
108,"Lorenzo Calvo, J., Granado-Peinado, M., De la Rubia, A., Muriarte, D., Lorenzo, A. and Mon-López, D., 2021. Psychological states and training habits during the COVID-19 pandemic lockdown in Spanish basketball athletes. International Journal of Environmental Research and Public Health, 18(17), p.9025.",10.3390/ijerph18179025
109,"Low, N. and Mounts, N.S., 2022. Economic stress, parenting, and adolescents adjustment during the COVID?19 pandemic. Family Relations, 71(1), pp.90-107.",10.1111/fare.12623
110,"Lowe, S.R., Hennein, R., Feingold, J.H., Peccoralo, L.A., Ripp, J.A., Mazure, C.M. and Pietrzak, R.H., 2021. Are women less psychologically resilient than men? Background stressors underlying gender differences in reports of stress-related psychological sequelae. The Journal of clinical psychiatry, 83(1), p.38820.",10.4088/jcp.21br14098
111,"Maciaszek, J., Ciulkowicz, M., Misiak, B., Szczesniak, D., Luc, D., Wieczorek, T., Fila-Witecka, K., Gawlowski, P. and Rymaszewska, J., 2020. Mental health of medical and non-medical professionals during the peak of the COVID-19 pandemic: a cross-sectional nationwide study. Journal of Clinical Medicine, 9(8), p.2527.",10.3390/jcm9082527
112,"Mao, J., Wang, C., Teng, C., Wang, M., Zhou, S., Zhao, K., Ye, X. and Wang, Y., 2022. Prevalence and associated factors of PTSD symptoms after the COVID-19 epidemic outbreak in an online survey in China: the age and gender differences matter. Neuropsychiatric Disease and Treatment, 18, p.761.",10.2147/ndt.s351042
113,"Marie, R., Journault, A.A., Cernik, R., Welch, P., Lupien, S., McDermott, B., Moxon, J.V. and Sarnyai, Z., 2022. A cross-sectional study investigating Canadian and Australian adolescents perceived experiences of COVID-19: Gender differences and mental health implications. International Journal of Environmental Research and Public Health, 19(7), p.4407.",10.3390/ijerph19074407
114,"Matthews, T.A., Chen, L., Omidakhsh, N., Zhang, D., Han, X., Chen, Z., Shi, L., Li, Y., Wen, M., Li, H. and Su, D., 2022. Gender difference in working from home and psychological distress-A national survey of US employees during the COVID-19 pandemic. Industrial health, 60(4), pp.334-344.",10.2486/indhealth.2022-0077
115,"Matud, M.P., Zueco, J., Díaz, A., Del Pino, M.J. and Fortes, D., 2023. Gender differences in mental distress and affect balance during the first wave of COVID-19 pandemic in Spain. Current Psychology, 42(25), pp.21790-21804.",10.1007/s12144-022-03282-w
116,"Mele, B.S., Holroyd-Leduc, J.M., Harasym, P., Dumanski, S.M., Fiest, K., Graham, I.D., Nerenberg, K., Norris, C., Leigh, J.P., Pilote, L. and Pruden, H., 2021. Healthcare workers perception of gender and work roles during the COVID-19 pandemic: A mixed-methods study. BMJ open, 11(12), p.e056434.",10.1136/bmjopen-2021-056434
117,"Mendolia, S., Suziedelyte, A. and Zhu, A., 2022. Have girls been left behind during the COVID-19 pandemic? Gender differences in pandemic effects on childrens mental wellbeing. Economics Letters, 214, p.110458.",10.1016/j.econlet.2022.110458
118,"Minhas, M., Belisario, K., González?Roz, A., Halladay, J., Murphy, J.G. and MacKillop, J., 2021. COVID?19 impacts on drinking and mental health in emerging adults: longitudinal changes and moderation by economic disruption and sex. Alcoholism: Clinical and Experimental Research, 45(7), pp.1448-1457.",10.1111/acer.14624
119,"Mitchell, K.J., Ybarra, M.L., Banyard, V., Goodman, K.L. and Jones, L.M., 2022. Impact of the COVID-19 pandemic on perceptions of health and well-being among sexual and gender minority adolescents and emerging adults. LGBT health, 9(1), pp.34-42.",10.1089/lgbt.2021.0238
120,"Mladenovi?, M., Stojanovi?, N., Stojanovi?, D., ivkovi?, M., Aleksi?, D., Teanovi?, G. and Mom?ilovi?, V., 2021. Emotional Reactivity and Emotion Regulation Among Young Adults During COVID-19 Lockdown: The Moderating Role of Gender and Engagement in Sports. Frontiers in Psychology, 12, p.774732.",10.3389/fpsyg.2021.774732
121,"Mohlman, J., Watson, L.M. and Basch, C.H., 2021. The COVID-19 Inventory: Measuring anxiety related to illness pandemic across college males and females. Journal of Prevention & Intervention in the Community, 49(2), pp.163-178.",10.1080/10852352.2021.1908204
122,"Mon-López, D., de La Rubia Riaza, A., Hontoria Galán, M. and Refoyo Roman, I., 2020. The impact of Covid-19 and the effect of psychological factors on training conditions of handball players. International journal of environmental research and public health, 17(18), p.6471.",10.3390/ijerph17186471
123,"Mon-López, D., García-Aliaga, A., Bartolomé, A.G. and Solana, D.M., 2020. How has COVID-19 modified training and mood in professional and non-professional football players?. Physiology & behavior, 227, p.113148.",10.1016/j.physbeh.2020.113148
124,"Moore, E.W.G., Petrie, T.A. and Slavin, L.E., 2022. College student-athletes' COVID-19 worry and psychological distress differed by gender, race, and exposure to COVID-19related events. Journal of Adolescent Health, 70(4), pp.559-566.",10.1016/j.jadohealth.2021.12.022
125,"Moore, H.E., Siriwardena, A.N., Gussy, M., Tanser, F., Hill, B. and Spaight, R., 2021. Mental health emergencies and COVID-19: the impact of lockdownin the East Midlands of the UK. BJPsych Open, 7(4), p.e139.",10.1192/bjo.2021.973
126,"Moore, S.E., Wierenga, K.L., Prince, D.M., Gillani, B. and Mintz, L.J., 2021. Disproportionate impact of the COVID-19 pandemic on perceived social support, mental health and somatic symptoms in sexual and gender minority populations. Journal of homosexuality, 68(4), pp.577-591.",10.1080/00918369.2020.1868184
127,"Moretti, L., Vitale, E., Bettinsoli, M., Bizzoca, D., Delmedico, M., Papalia, R., Solarino, G. and Moretti, B., 2021. The psychological and clinical impact of the COVID-19 pandemic on orthopaedic patients: An Italian gender-specific analysis. Orthopedic Reviews, 13(1), p.9005.",10.4081/or.2021.9005
128,"Andréanne, M., Helling, B.A., Seetha, K., Risner, L.E., Walker, N.D. and Schwartz, N.B., 2022. Surveying the experience of postdocs in the United States before and during the COVID-19 pandemic. eLife, 11.",10.7554/elife.75705.sa2
129,"Muzaffar, R., Koly, K.N., Choudhury, S., Biswas, M.A.A.J., Kader, S.B., Abdullah, R., Kawser, U., Hasan, M.T., Williams, D., Chowdhury, A.B. and Ahmed, H.U., Generalized anxiety disorder among Bangladeshi university students during COVID-19 pandemic: Gender specific findings from a cross-sectional study. Discover Mental Health. 2022; 2 (1): 3. S44192-022-00005-2.[DOI][PMC free article][PubMed][Google Scholar].",10.1007/s44192-022-00005-2
130,"Myhr, A., Naper, L.R., Samarawickrema, I. and Vesterbekkmo, R.K., 2021. Impact of COVID-19 pandemic lockdown on mental well-being of Norwegian adolescents during the first wavesocioeconomic position and gender differences. Frontiers in public health, 9, p.717747.",10.3389/fpubh.2021.717747
131,"Newby, J.M., OMoore, K., Tang, S., Christensen, H. and Faasse, K., 2020. Acute mental health responses during the COVID-19 pandemic in Australia. PloS one, 15(7), p.e0236562.",10.1371/journal.pone.0236562
132,"Nzimande, N.P., El Tantawi, M., Zuñiga, R.A.A., Opoku-Sarkodie, R., Brown, B., Ezechi, O.C., Uzochukwu, B.S., Ellakany, P., Aly, N.M., Nguyen, A.L. and Folayan, M.O., 2022. Sex differences in the experience of COVID-19 post-traumatic stress symptoms by adults in South Africa. BMC psychiatry, 22(1), p.238.",10.1186/s12888-022-03883-6
133,"Oldham, M., Garnett, C., Brown, J., Kale, D., Shahab, L. and Herbec, A., 2021. Characterising the patterns of and factors associated with increased alcohol consumption since COVID?19 in a UK sample. Drug and alcohol review, 40(6), pp.890-899.",10.1111/dar.13256
135,"Shitandi, O.B., Efe, J.O.J. and Sunday, I.P., 2021. Impact of COVID-19 on the mental health of Delta State University students, Nigeria. Acta Bio Medica: Atenei Parmensis, 92(4), p.e2021316.",10.5152/ejra.2021.21029
136,"Orlandi, M., Rosselli, M., Pellegrino, A., Boddi, M., Stefani, L., Toncelli, L. and Modesti, P.A., 2021. Gender differences in the impact on physical activity and lifestyle in Italy during the lockdown, due to the COVID-19 pandemic. Nutrition, Metabolism and Cardiovascular Diseases, 31(7), pp.2173-2180.",10.1016/j.numecd.2021.03.011
138,"Ozbaran, B., Turer, F., Yilancioglu, H.Y., Kose, S., Senturk Pilan, B., Guzel, O., Baskol, D., Polat, F., Bildik, T., Sertoz, S.R. and Arda, B., 2022. COVID-19related stigma and mental health of children and adolescents during pandemic. Clinical Child Psychology and Psychiatry, 27(1), pp.185-200.",10.1177/13591045211059408
139,"Paccagnella, O. and Pongiglione, B., 2022. Depression deterioration of older adults during the first wave of the COVID-19 outbreak in Europe. Social Science & Medicine, 299, p.114828.",10.1016/j.socscimed.2022.114828
140,"Padrón, I., Fraga, I., Vieitez, L., Montes, C. and Romero, E., 2021. A study on the psychological wound of COVID-19 in university students. Frontiers in psychology, 12, p.589927.",10.3389/fpsyg.2021.589927
141,"Peng, J., Wu, W.H., Doolan, G., Choudhury, N., Mehta, P., Khatun, A., Hennelly, L., Henty, J., Jury, E.C., Liao, L.M. and Ciurtin, C., 2022. Marital status and gender differences as key determinants of COVID-19 impact on wellbeing, job satisfaction and resilience in health care workers and staff working in academia in the UK during the first wave of the pandemic. Frontiers in public health, 10, p.928107.",10.3389/fpubh.2022.928107
142,"Petrov, M.E., Pituch, K.A., Kasraeian, K., Jiao, N., Mattingly, J., Hasanaj, K., Youngstedt, S.D., Buman, M.P. and Epstein, D.R., 2021. Impact of the COVID-19 pandemic on change in sleep patterns in an exploratory, cross-sectional online sample of 79 countries. Sleep Health, 7(4), pp.451-458.",10.1016/j.sleh.2021.05.007
143,"Peyer, K.L., Hathaway, E.D. and Doyle, K., 2024. Gender differences in stress, resilience, and physical activity during the COVID-19 pandemic. Journal of American college health, 72(2), pp.598-605.",10.1080/07448481.2022.2052075
144,"Pieh, C., Budimir, S. and Probst, T., 2020. The effect of age, gender, income, work, and physical activity on mental health during coronavirus disease (COVID-19) lockdown in Austria. Journal of psychosomatic research, 136, p.110186.",10.1016/j.jpsychores.2020.110186
145,"Pinchoff, J., Santhya, K.G., White, C., Rampal, S., Acharya, R. and Ngo, T.D., 2020. Gender specific differences in COVID-19 knowledge, behavior and health effects among adolescents and young adults in Uttar Pradesh and Bihar, India. PloS one, 15(12), p.e0244053.",10.1371/journal.pone.0244053
146,"Pinto, J., van Zeller, M., Amorim, P., Pimentel, A., Dantas, P., Eusébio, E., Neves, A., Pipa, J., Santa Clara, E., Santiago, T. and Viana, P., 2020. Sleep quality in times of Covid-19 pandemic. Sleep medicine, 74, pp.81-85.",10.1016/j.sleep.2020.07.012
147,"Prowse, R., Sherratt, F., Abizaid, A., Gabrys, R.L., Hellemans, K.G., Patterson, Z.R. and McQuaid, R.J., 2021. Coping with the COVID-19 pandemic: examining gender differences in stress and mental health among university students. Frontiers in psychiatry, 12, p.650759.",10.3389/fpsyt.2021.650759
148,"Raj, A., Johns, N.E., Barker, K.M. and Silverman, J.G., 2020. Time from COVID-19 shutdown, gender-based violence exposure, and mental health outcomes among a state representative sample of California residents. EClinicalMedicine, 26.",10.1016/j.eclinm.2020.100520
149,"Rania, N. and Coppola, I., 2021. Psychological impact of the lockdown in Italy due to the COVID-19 outbreak: are there gender differences?. Frontiers in Psychology, 12, p.567470.",10.3389/fpsyg.2021.567470
150,"Rega, A., Nappo, R., Simeoli, R. and Cerasuolo, M., 2022. Age-related differences in psychological distress during the COVID-19 pandemic. International journal of environmental research and public health, 19(9), p.5532.",10.3390/ijerph19095532
151,"Repon, M.A.U., Pakhe, S.A., Quaiyum, S., Das, R., Daria, S. and Islam, M.R., 2021. Effect of COVID-19 pandemic on mental health among Bangladeshi healthcare professionals: a cross-sectional study. Science progress, 104(2), p.00368504211026409.",10.1177/00368504211026409
152,"Reppas-Rindlisbacher, C., Mahar, A., Siddhpuria, S., Savage, R., Hallet, J. and Rochon, P., 2022. Gender differences in mental health symptoms among Canadian older adults during the COVID-19 pandemic: a cross-sectional survey. Canadian Geriatrics Journal, 25(1), p.49.",10.5770/cgj.25.532
153,"Rodriguez-Besteiro, S., Tornero-Aguilera, J.F., Fernández-Lucas, J. and Clemente-Suárez, V.J., 2021. Gender differences in the COVID-19 pandemic risk perception, psychology, and behaviors of Spanish university students. International Journal of Environmental Research and Public Health, 18(8), p.3908.",10.3390/ijerph18083908
154,"Field, M.A., 2021. Inequities laid bare: The mental health of young adults in Rhode Island during the COVID-19 pandemic. Rhode Island Medical Journal, 104(10), pp.36-41.",10.23860/jiee.2021.03.01.03
155,"Runkle, J.D., Yadav, S., Michael, K., Green, S., Weiser, J. and Sugg, M.M., 2022. Crisis response and suicidal patterns in US youth before and during COVID-19: a latent class analysis. Journal of Adolescent Health, 70(1), pp.48-56.",10.1016/j.jadohealth.2021.10.003
156,"Ruprecht, M.M., Wang, X., Johnson, A.K., Xu, J., Felt, D., Ihenacho, S., Stonehouse, P., Curry, C.W., DeBroux, C., Costa, D. and Phillips Ii, G., 2021. Evidence of social and structural COVID-19 disparities by sexual orientation, gender identity, and race/ethnicity in an urban environment. Journal of Urban Health, 98(1), pp.27-40.",10.1007/s11524-020-00497-9
158,"Sardella, A., Lenzo, V., Basile, G., Musetti, A., Franceschini, C. and Quattropani, M.C., 2022. Gender and psychosocial differences in psychological resilience among a community of older adults during the COVID-19 pandemic. Journal of Personalized Medicine, 12(9), p.1414.",10.3390/jpm12091414
159,"Scheel-Hincke, L.L., Ahrenfeldt, L.J. and Andersen-Ranberg, K., 2021. Sex differences in activity and health changes following COVID-19 in Europeresults from the SHARE COVID-19 survey. European Journal of Public Health, 31(6), pp.1281-1284.",10.1093/eurpub/ckab096
160,"Schwartz-Mette, R.A., Duell, N., Lawrence, H.R. and Balkind, E.G., 2023. COVID-19 distress impacts adolescents depressive symptoms, NSSI, and suicide risk in the rural, northeast US. Journal of Clinical Child & Adolescent Psychology, 52(5), pp.702-715.",10.1080/15374416.2022.2042697
161,"Shepherd, D.L., 2022. Food insecurity, depressive symptoms, and the salience of gendered family roles during the COVID-19 pandemic in South Africa. Social Science & Medicine, 301, p.114830.",10.1016/j.socscimed.2022.114830
163,"Siddique, R.F., Ahmed, O. and Hossain, K.N., 2021. Relationship between the fear of COVID-19 disease and sleep quality: the mediating role of stress. Heliyon, 7(5).",10.1016/j.heliyon.2021.e07033
164,"Sun, D., Yang, D., Li, Y., Zhou, J., Wang, W., Wang, Q., Lin, N., Cao, A., Wang, H. and Zhang, Q., 2020. Psychological impact of 2019 novel coronavirus (2019-nCoV) outbreak in health workers in China. Epidemiology & Infection, 148, p.e96.",10.1017/s0950268820001090
165,"Taurisano, P., Lanciano, T., Alfeo, F., Bisceglie, F., Monaco, A., Sbordone, F.L., Abbatantuono, C., Costadura, S., Losole, J., Ruggiero, G. and Iachini, S., 2022. The COVID-19 stress perceived on social distance and gender-based implications. Frontiers in Psychology, 13, p.846097.",10.3389/fpsyg.2022.846097
166,"Teng, F., Wang, X., Shi, J., Chen, Z., Huang, Q. and Cheng, W., 2021. Psychosomatic symptoms and neuroticism following COVID-19: The role of online aggression toward a stigmatized group. International journal of environmental research and public health, 18(16), p.8672.",10.3390/ijerph18168672
167,"Thorisdottir, I.E., Asgeirsdottir, B.B., Kristjansson, A.L., Valdimarsdottir, H.B., Tolgyes, E.M.J., Sigfusson, J., Allegrante, J.P., Sigfusdottir, I.D. and Halldorsdottir, T., 2021. Depressive symptoms, mental wellbeing, and substance use among adolescents before and during the COVID-19 pandemic in Iceland: a longitudinal, population-based study. The Lancet Psychiatry, 8(8), pp.663-672.",10.1016/s2215-0366(21)00156-5
168,"Trapp, M.D.C., Wiskur, B.J., Suh, J.H., Brand, M.W., Kuhn, K.G. and Rojas, J., 2022. Sex Differences between Medical Students in the Assessment of the Fear of COVID-19. International Journal of Environmental Research and Public Health, 19(6), p.3372.",10.3390/ijerph19063372
169,"Tsukamoto, R., Kataoka, Y., Mino, K., Ishibashi, N., Shibata, M., Matsuo, H. and Fujiwara, H., 2021. Gender differences in anxiety among COVID-19 inpatients under isolation: a questionnaire survey during the first and second waves of the COVID-19 pandemic in Japan. Frontiers in public health, 9, p.708965.",10.3389/fpubh.2021.708965
170,"Turner-Cobb, J.M., Arden-Close, E., Portch, E. and Wignall, L., 2022. Men and women as differential social barometers: Gender effects of perceived friend support on the neuroticism-loneliness-well-being relationship in a younger adult population. International journal of environmental research and public health, 19(13), p.7986.",10.3390/ijerph19137986
171,"Upton, E., Clare, P.J., Aiken, A., Boland, V.C., De Torres, C., Bruno, R., Hutchinson, D., Kypri, K., Mattick, R., McBride, N. and Peacock, A., 2023. Changes in mental health and help-seeking among young Australian adults during the COVID-19 pandemic: a prospective cohort study. Psychological medicine, 53(3), pp.687-695.",10.1017/s0033291721001963
172,"Vallières, F., Murphy, J., McBride, O., Shevlin, M., Gilmore, B., Travers, Á., Nolan, A., Butter, S., Karatzias, T., Bentall, R. and Hyland, P., 2022. The role of psychosocial factors in explaining sex differences in major depression and generalized anxiety during the COVID-19 pandemic. BMC public health, 22(1), p.1563.",10.1186/s12889-022-13954-8
173,"Vargová, L., Mikuláková, G., Fedáková, D., La?ný, M., Babjáková, J., losáriková, M., Babin?ák, P., Ropovik, I. and Adamkovi?, M., 2022. Slovak parents mental health and socioeconomic changes during the COVID-19 pandemic. Frontiers in Psychiatry, 13, p.934293.",10.31234/osf.io/86m3y
174,"Vloo, A., Alessie, R.J.M., Mierau, J.O., Boezen, M.H., Mierau, J.O., Franke, L., Dekens, J., Deelen, P., Lanting, P., Vonk, J.M. and Nolte, I., 2021. Gender differences in the mental health impact of the COVID-19 lockdown: longitudinal evidence from the Netherlands. SSM-population health, 15, p.100878.",10.1016/j.ssmph.2021.100878
175,"Wallinheimo, A.S. and Evans, S.L., 2022. Patterns of internet use, and associations with loneliness, amongst middle-aged and older adults during the COVID-19 pandemic. Healthcare, 10 (7), 1179 [online]",10.3390/healthcare10071179
176,"Wang, J., Aaron, A., Baidya, A., Chan, C., Wetzler, E., Savage, K., Joseph, M. and Kang, Y., 2021. Gender differences in psychosocial status of adolescents during COVID-19: a six-country cross-sectional survey in Asia Pacific. BMC Public Health, 21, pp.1-18.",10.1186/s12889-021-12098-5
177,"Washburn, M., Yu, M., LaBrenz, C. and Palmer, A.N., 2022. The impacts of COVID-19 on LGBTQ+ foster youth alumni. Child abuse & neglect, 133, p.105866.",10.1016/j.chiabu.2022.105866
178,"Wesemann, U., Hadjamu, N., Wakili, R., Willmund, G., Vogel, J., Rassaf, T. and Siebermair, J., 2021. Gender differences in anger among hospital medical staff exposed to patients with COVID-19. Health equity, 5(1), pp.181-184.",10.1089/heq.2020.0119
179,"Wojcik, H., Breslow, A.S., Fisher, M.R., Rodgers, C.R., Kubiszewski, P. and Gabbay, V., 2022. Mental health disparities among sexual and gender minority frontline health care workers during the height of the COVID-19 pandemic. LGBT health, 9(5), pp.359-367.",10.1089/lgbt.2021.0276
180,"Xu, P., Chen, J.S., Chang, Y.L., Wang, X., Jiang, X., Griffiths, M.D., Pakpour, A.H. and Lin, C.Y., 2022. Gender differences in the associations between physical activity, smartphone use, and weight stigma. Frontiers in public health, 10, p.862829.",10.3389/fpubh.2022.862829
181,"Xu, Z. and Du, J., 2021. A mental health informatics study on the mediating effect of the regulatory emotional self-efficacy. Mathematical Biosciences and Engineering, 18(3), pp.2775-2788.",10.3934/mbe.2021141
183,"Yang, Z., Luo, Y., Zhou, Q., Chen, F., Xu, Z., Ke, L. and Wang, Y., 2022. COVID-19-related stressors and depression in Chinese adolescents: The effects of life history strategies and gender. Journal of affective disorders, 304, pp.122-127.",10.1016/j.jad.2022.02.060
184,"Zamarro, G. and Prados, M.J., 2021. Gender differences in couples division of childcare, work and mental health during COVID-19. Review of Economics of the Household, 19(1), pp.11-40.",10.1007/s11150-020-09534-7
185,"Zhang, L., Li, M., Yang, Y., Xia, L., Min, K., Liu, T., Liu, Y., Kaslow, N.J., Liu, D.Y., Tang, Y.L. and Jiang, F., 2022. Gender differences in the experience of burnout and its correlates among Chinese psychiatric nurses during the COVID?19 pandemic: A large?sample nationwide survey. International journal of mental health nursing, 31(6), pp.1480-1491.",10.1111/inm.13052
187,"Zhou, M., Cai, J., Sun, W., Wu, J., Wang, Y., Gamber, M., Fan, L. and He, G., 2021, November. Do post-COVID-19 symptoms exist? A longitudinal study of COVID-19 sequelae in Wenzhou, China. In Annales Médico-psychologiques, revue psychiatrique (Vol. 179, No. 9, pp. 818-821). Elsevier Masson.",10.1016/j.amp.2021.03.003
188,"Zhu, J., Li, B., Hao, F., Luo, L., Yue, S., Zhai, J., Chen, M., Liu, Y., Liu, D. and Wang, J., 2022. Gender-specific related factors for suicidal ideation during COVID-19 pandemic lockdown among 5,175 Chinese adolescents. Frontiers in public health, 10, p.810101.",10.3389/fpubh.2022.810101
189,"Zhu, S., Zhuang, Y., Lee, P., Li, J.C.M. and Wong, P.W., 2021. Leisure and problem gaming behaviors among children and adolescents during school closures caused by COVID-19 in Hong Kong: quantitative cross-sectional survey study. JMIR serious games, 9(2), p.e26808.",10.2196/26808
190,"Zinchenko, Y.P., Shaigerova, L.A., Almazova, O.V., Shilko, R.S., Vakhantseva, O.V., Dolgikh, A.G., Veraksa, A.N. and Kalimullin, A.M., 2021. The spread of COVID-19 in Russia: immediate impact on mental health of university students. Psychological Studies, 66(3), pp.291-302.",10.1007/s12646-021-00610-1
191,"Al Zubayer, A., Rahman, M.E., Islam, M.B., Babu, S.Z.D., Rahman, Q.M., Bhuiyan, M.R.A.M., Khan, M.K.A., Chowdhury, M.A.U., Hossain, L. and Habib, R.B., 2020. Psychological states of Bangladeshi people four months after the COVID-19 pandemic: an online survey. Heliyon, 6(9).",10.1016/j.heliyon.2020.e05057
192,"Zwar, L., König, H.H. and Hajek, A., 2023. Gender differences in mental health, quality of life, and caregiver burden among informal caregivers during the second wave of the COVID-19 pandemic in Germany: A representative, population-based study. Gerontology, 69(2), pp.149-162.",10.1159/000523846
194,"Wang, S., Kamer?de, D., Bessa, I., Burchell, B., Gifford, J., Green, M. and Rubery, J., 2024. The impact of reduced working hours and furlough policies on workers mental health at the onset of COVID-19 pandemic: a longitudinal study. Journal of Social Policy, 53(3), pp.702-726.",10.1017/s0047279422000599
197,"McMaughan, D.J., Mulcahy, A., McGehee, A., Streed Jr, C.G., Wallisch, A.M., Kurth, N.K. and Hall, J.P., 2024. Gender Diversity, Disability, and Well-Being: Impact of Delayed and Foregone Care Because of COVID-19. LGBT health, 11(3), pp.210-218.",10.1089/lgbt.2022.0385
198,"Lloyd, S.L., Caban-Holt, A., Starks, T.D., Clark, J.C. and Byrd, G.S., 2024. Assessing gender differences on the impact of COVID-19 on the medical and social needs of dementia caregivers. Journal of Gerontological Social Work, 67(2), pp.207-222.",10.1080/01634372.2023.2244556
204,"Victor, S.E., Trieu, T.H. and Seymour, N.E., 2023. Associations with LGBTQ+ mental health disparities during the COVID-19 pandemic. Psychology & Sexuality, 14(3), pp.495-512.",10.1080/19419899.2023.2179938
205,"Quinlan-Davidson, M., Shan, D., Courtney, D., Barbic, S., Cleverley, K., Hawke, L.D., Ma, C., Prebeg, M., Relihan, J., Szatmari, P. and Henderson, J.L., 2023. Associations over the COVID-19 pandemic period and the mental health and substance use of youth not in employment, education or training in Ontario, Canada: a longitudinal, cohort study. Child and Adolescent Psychiatry and Mental Health, 17(1), p.105.",10.1186/s13034-023-00653-4
207,"Shechory Bitton, M., 2023. Intimate partner violence in the shadow of COVID?19 and its associations with stress, function and support among the Israeli general population. Stress and Health, 39(3), pp.673-683.",10.1002/smi.3217
208,"So, W.W.Y., Woo, B.P.Y., Wong, C. and Yip, P.S.F., 2023. Gender differences in the relationships between meaning in life, mental health status and digital media use during Covid-19. BMC Public Health, 23(1), p.1770.",10.1186/s12889-023-16672-x
209,"Latimer, A.L., Otis, M.D., Mudd-Martin, G. and Moser, D.K., 2023. Moral distress during COVID-19: The importance of perceived organizational support for hospital nurses. Journal of health psychology, 28(3), pp.279-292.",10.1177/13591053221111850
210,"Salerno, J.P. and Boekeloo, B.O., 2022. LGBTQ identity-related victimization during COVID-19 is associated with moderate to severe psychological distress among young adults. LGBT health, 9(5), pp.303-312.",10.1089/lgbt.2021.0280
215,"Mofakhami, M., Counil, E. and Pailhé, A., 2024. Telework, working conditions, health and wellbeing during the Covid crisis: a gendered analysis. Social Science & Medicine, 350, p.116919.",10.1016/j.socscimed.2024.116919
221,"Skrzypiec, G., Wyra, M., Topcu-Uzer, C., Sikorska, I., Sandhu, D., Romera, E.M., Olenik-Shemesh, D., Nery, M., Navarro-Rodríguez, C.D., Khlomov, K. and Kavuk-Kalender, M., 2024. A global study of the wellbeing of adolescent students during the COVID-19 2020 lockdown. School Mental Health, 16(4), pp.1120-1140.",10.1007/s12310-024-09678-2
222,"Ghader, N., AlMheiri, N., Fikri, A., AbdulRazzak, H., Saleheen, H., Saddik, B., Aljawarneh, Y., Dalky, H., Al Banna, A., Al Memari, S. and Al Shehhi, B., 2024. Prevalence and factors associated with mental illness symptoms among school students post lockdown of the COVID-19 pandemic in the United Arab Emirates: A cross-sectional national study. Plos one, 19(2), p.e0296479.",10.1371/journal.pone.0296479
223,"Berg, L., Pringsheim, T.M., Lerario, M. and Martino, D., 2024. Psychological factors associated with functional tic-like behaviours during the COVID-19 pandemic. Research on Child and Adolescent Psychopathology, 52(7), pp.1157-1172.",10.1007/s10802-024-01184-y
225,"Asif, M., Asad, S., Ahmed, Z. and Emmanuel, S., 2024. Spirituality, Intolerance and Fear of COVID-19: Psychological Distress Among Older Adults in Pakistan. Journal of religion and health, 63(5), pp.3990-4004.",10.1007/s10943-024-02015-6
226,"Czepiel, D., McCormack, C., Da Silva, A.T., Seblova, D., Moro, M.F., Restrepo-Henao, A., Martínez, A.M., Afolabi, O., Alnasser, L., Alvarado, R. and Asaoka, H., 2024. Inequality on the frontline: A multi-country study on gender differences in mental health among healthcare workers during the COVID-19 pandemic. Cambridge Prisms: Global Mental Health, 11, p.e34.",10.1017/gmh.2024.18.pr3
227,"Gniewosz, G., 2024. Clarifying the links between perceived stress and depressiveness: a longitudinal study of COVID-19s effects on adolescents in Germany. Journal of youth and adolescence, 53(10), pp.1-15.",10.1007/s10964-024-02012-8
228,"Huynh, M.P., Yellow Horse, A.J., Mai, N.M., Mantuhac, J. and Saw, A., 2024. Discrimination and psychological distress among Asian Americans during COVID-19: Gender differences in the moderating role of social support. American Journal of Orthopsychiatry, 94(1), p.23.",10.1037/ort0000702
229,"Crockett, M.A., Martínez-Nahuel, V., Mac-Ginty, S., Núñez, D., Langer, Á.I. and Gaete, J., 2024. Differences in mental health problems in LGBT+ first year college students in Chile during the pandemic. Social Psychiatry and Psychiatric Epidemiology, 59(12), pp.2339-2349.",10.1007/s00127-024-02683-5
230,"Wang, C., Havewala, M., Fan, Q., Wang, Q. and Bali, D., 2024. The relations between COVID-19 stress, social connectedness, and mental health: a longitudinal investigation comparing Chinese and American college students. Current Psychology, 43(14), pp.12907-12920.",10.1007/s12144-023-04290-0
231,"Qian, Y. and Fan, W., 2024. Stressful life events and depressive symptoms during COVID?19: A gender comparison. The British Journal of Sociology, 75(1), pp.38-47.",10.1111/1468-4446.13067
232,"Hosozawa, M., Ando, S., Yamaguchi, S., Yamasaki, S., DeVylder, J., Miyashita, M., Endo, K., Stanyon, D., Knowles, G., Nakanishi, M. and Usami, S., 2024. Sex differences in adolescent depression trajectory before and into the second year of COVID-19 pandemic. Journal of the American Academy of Child & Adolescent Psychiatry, 63(5), pp.539-548.",10.1016/j.jaac.2023.08.016
233,"von Hülsen, L., Kenntemich, L., Schäfer, I., Böttche, M., Lueger-Schuster, B., Gallinat, J. and Lotzin, A., 2023. Networks of pandemic-specific stressors, risk factors, and clinical symptoms: A comparison between women and men during the early phase of the COVID-19 pandemic. Journal of Psychiatric Research, 163, pp.391-401.",10.1016/j.jpsychires.2023.05.040
235,"Kapoor, S.K. and Subida, M., 2023. Assessment of Gaming Addiction and Perceived Psychological Distress among Filipino Young Adults during COVID-19 Pandemic. International Journal of Educational Methodology, 9(1), pp.29-40.",10.12973/ijem.9.1.29
237,"Pilar Matud, M., Del Pino, M.J., Bethencourt, J.M. and Estefanía Lorenzo, D., 2023. Stressful events, psychological distress and well-being during the second wave of COVID-19 pandemic in Spain: a gender analysis. Applied Research in Quality of Life, 18(3), pp.1291-1319.",10.1007/s11482-022-10140-1
239,"Hennein, R., Lowe, S.R., Feingold, J.H., Feder, A., Peccoralo, L.A., Ripp, J.A., Mazure, C.M. and Pietrzak, R.H., 2023. Pre-and peri-traumatic event stressors drive gender differences in chronic stress-related psychological sequelae: A prospective cohort study of COVID-19 frontline healthcare providers. Journal of psychiatric research, 162, pp.88-94.",10.1016/j.jpsychires.2023.04.009
242,"García-Fernández, L., Romero-Ferreiro, V., Izquierdo-Izquierdo, M., Rodríguez, V., Alvarez-Mon, M.A., Lahera, G., Santos, J.L. and Rodriguez-Jimenez, R., 2023. Dramatic increase of suicidality in children and adolescents after COVID-19 pandemic start: A two-year longitudinal study. Journal of Psychiatric Research, 163, pp.63-67.",10.1016/j.jpsychires.2023.04.014
244,"Saw, G.K., Chang, C.N. and Lin, S., 2023. Gender disparities in remote teaching readiness and mental health problems among university faculty during the COVID-19 pandemic. Educational and Developmental Psychologist, 40(1), pp.131-140.",10.1080/20590776.2022.2108697
246,"Austin, C. and Donley, A., 2023. The precariat and the pandemic: Assessing the well?being of metro Orlando's hospitality workers during the COVID?19 pandemic. Sociological Inquiry, 93(1), pp.8-34.",10.1111/soin.12497
247,"Finch, J., Waters, A.M. and Farrell, L.J., 2023. Adolescent anxiety, depression and flourishing before and during COVID-19 and the predictive role of baseline psychological capital (PsyCap) on student mental health and subjective wellbeing during the pandemic. Child Psychiatry & Human Development, pp.1-13.",10.1007/s10578-023-01568-z
248,"?urkovi?, N., Bugarin, J. and Lukacin, L., 2022. Psychological Distress of High School Graduates During Social Distancing in Croatia. European journal of mental health, 17(2), pp.20-30.",10.5708/ejmh.17.2022.2.4
252,"Marahwa, P., Makota, P., Chikomo, D.T., Chakanyuka, T., Ruvai, T., Osafo, K.S., Huang, T. and Chen, L., 2022. The psychological impact of COVID-19 on university students in China and Africa. PLoS One, 17(8), p.e0270824.",10.1371/journal.pone.0270824
255,"Dotti Sani, G.M., Molteni, F. and Sarti, S., 2023. Boys do cry: Age and gender differences in psycho-physiological distress during the COVID-19 pandemic in Italy. Applied Research in Quality of Life, 18(2), pp.931-956.",10.1007/s11482-022-10120-5
259,"Javadekar, S., Javadekar, A., Chaudhury, S., Chaudhari, B. and Saldanha, D., 2022. Gender Differences in Depression, Anxiety, Stress and Sleep Disturbances among Doctors Combating Covid-19. SIS Journal of Projective Psychology & Mental Health, 29(2), pp.104-110.",10.4103/0972-6748.328783
261,"Cholankeril, R., Xiang, E. and Badr, H., 2023. Gender differences in coping and psychological adaptation during the COVID-19 pandemic. International Journal of Environmental Research and Public Health, 20(2), p.993.",10.3390/ijerph20020993
262,"Adzrago, D., Chiangong, J., Ormiston, C.K., Dada, O.M., Jones, A. and Williams, F., 2024. Social distancing stress, anxiety/depression, COVID-19 diagnosis, gender identity, and immigration status. Archives of Public Health, 82(1), p.86.",10.1186/s13690-024-01320-6
263,"Furstova, J., Kascakova, N., Sigmundova, D., Zidkova, R., Tavel, P. and Badura, P., 2022. Perceived stress of adolescents during the COVID-19 lockdown: Bayesian multilevel modeling of the Czech HBSC lockdown survey. Frontiers in Psychology, 13, p.964313.",10.3389/fpsyg.2022.964313
264,"Mergenova, G., Rosenthal, S.L., Myrkassymova, A., Bukharbayeva, A., Iskakova, B., Izekenova, A., Izekenova, A., Alekesheva, L., Yerdenova, M., Karibayev, K. and Zhussupov, B., 2023. The COVID-19 pandemic and mental health in Kazakhstan. Cambridge Prisms: Global Mental Health, 10, p.e52.",10.1017/gmh.2023.46
266,"Kang, M., Yu, S., Choe, S.A., Moon, D., Ki, M. and Chun, B.C., 2023. Gender inequalities in mental health during the COVID-19 pandemic: a population-based study in Korea. Journal of Preventive Medicine and Public Health, 56(5), p.413.",10.3961/jpmph.23.170
267,"Dell'Osso, B., Viganò, C., Conti, D., Scarpa, C., Casati, L., Albert, U., Carmassi, C., Carrà, G., Cirulli, F., Nanni, M.G. and Pompili, M., 2022. Insomnia and related factors in patients with pre-existing psychiatric disorders compared to the general population during the COVID-19 lockdown: Findings from the multicentric COMET study. Comprehensive Psychiatry, 118, p.152345.",10.1016/j.comppsych.2022.152345
269,"Folch, C., Ganem, F., Colom-Cadena, A., Martínez, I., Cabezas, C. and Casabona, J., 2025. Impact of the COVID-19 pandemic on the psychological well-being of adolescents by gender identity. Gaceta Sanitaria, 37, p.102346.",10.1016/j.gaceta.2023.102346
271,"Jeong, H., Yim, H.W., Lee, S.Y. and Jung, D.Y., 2023. Impact of the COVID-19 pandemic on gender differences in depression based on national representative data. Journal of Korean medical science, 38(6).",10.3346/jkms.2023.38.e36
272,"Hamid, A.A., Miskry, A.S.A.A. and Darweesh, A.H.M., 2023. The relationship between coping and distress among faculty members and students during COVID-19 pandemic lockdown: The moderating effect of gender. Frontiers in Psychiatry, 14, p.1103049.",10.3389/fpsyt.2023.1103049
273,"Naor-Ziv, R., Amram, Y., Lubin, R. and Rosenberg, S., 2023. 'Women in the front': Psychological impact of the COVID-19 pandemic: Depression, anxiety, loneliness, and somatization in the Israel population. Psychiatry Research, 321, p.115069.",10.1016/j.psychres.2023.115069
274,"Alrashed, F.A., Ahmad, T., Sattar, K., Aldaihan, M.M., Almurdi, M.M., Alrashed, L.K., Shaheen, A.A. and Alsubiheen, A.M., 2023. Impact of COVID-19 pandemic on stress and coping strategies among medical students: A cross-sectional study.",10.21833/ijaas.2023.07.021
275,"Moalla, M., Reagu, S., Alabdulla, M., Khan, Y.S., Takish, Z., Al-Musfir, T., Emadie, B.A., Elwerfellie, M.M., Narasimhan, S. and Nazzal, H., 2023. A Study of Anxiety Symptoms in Children and Adolescents during the COVID-19 Pandemic in Qatar. Psychiatry International, 4(2), pp.136-146.",10.3390/psychiatryint4020016
276,"Veronese, G., Cavazzoni, F. and Pepe, A., 2024. Trajectories of quality of life and mental health during the COVID-19 lockdown and six months after in Italy. A longitudinal exploration. Journal of Public Health, 32(8), pp.1419-1429.",10.1007/s10389-023-01913-5
278,"Sato, S.N., Condés Moreno, E., Rico Villanueva, A., Chiarella, P., Tornero Aguilera, J.F., Beltrán Velasco, A.I. and Clemente Suárez, V.J., 2022. Gender Differences of University Students in the Online Teaching Quality and Psychological Profile during the COVID-19 Pandemic.",10.3390/ijerph192214729
280,"Halfmann, M., Castioni, N., Wetzel, L., Koopmann, A., König, S. and Schmieder, A., 2024. Effects of the COVID-19 pandemic on the mental health of medical students and young physicians in Germany: Gender-specific results of an online survey. Heliyon, 10(1).",10.1016/j.heliyon.2023.e23727
281,"Houghtaling, L.M., Manning, W.D. and Kamp Dush, C.M., 2024. Coping patterns during the COVID-19 pandemic by sexual and gender identity. Journal of Homosexuality, 71(12), pp.2719-2739.",10.1080/00918369.2023.2260920
283,"Jacques-Aviñó, C., López-Jiménez, T., Bennett, M., Medina-Perucha, L., León-Gómez, B.B. and Berenguera, A., 2022. Self-reported anxiety in Spain: a gendered approach one year after the start of COVID-19 pandemic. Frontiers in Public Health, 10, p.873891.",10.3389/fpubh.2022.873891
284,"Schnettler, B., Miranda-Zapata, E., Orellana, L., Saracostti, M., Poblete, H., Lobos, G., Adasme-Berríos, C., Lapo, M., Beroiza, K., Concha-Salgado, A. and Riquelme-Segura, L., 2024. Intra-and inter-individual associations of family-to-work conflict, psychological distress, and job satisfaction: gender differences in dual-earner parents during the COVID-19 pandemic. Behavioral Sciences, 14(1), p.56.",10.3390/bs14010056
287,"Chin, W.C., Yao, T.C., Tang, I., Lee, P.Y. and Huang, Y.S., 2022. The impact of COVID-19 lockdown on sleep patterns, emotions, and behaviors of children and adolescents in Taiwan. Frontiers in Psychiatry, 13, p.975399.",10.3389/fpsyt.2022.975399
288,"Liozidou, A., Varela, V., Vlastos, D.D., Giogkaraki, E., Alzueta, E., Perrin, P.B., Ramos-Usuga, D. and Arango-Lasprilla, J.C., 2024. Forced social isolation and lockdown during the COVID-19 pandemic: Depression, anxiety, trauma-distress and coping mechanisms of a Greek sample. Journal of Public Health, 32(7), pp.1261-1270.",10.1007/s10389-023-01907-3
291,"Ye, J. and Ren, Z., 2022. Examining the impact of sex differences and the COVID-19 pandemic on health and health care: findings from a national cross-sectional study. JAMIA open, 5(3), p.ooac076.",10.1093/jamiaopen/ooac076
292,"Yoo, N. and Jang, S.H., 2023. Perceived household financial decline and physical/mental health among adolescents during the COVID-19 crisis: Focusing on gender differences. Preventive Medicine Reports, 32, p.102119.",10.1016/j.pmedr.2023.102119
293,"Grohne, P., Wenig, V., Pischke, C.R., Matos Fialho, P.M., Negash, S., Niephaus, Y., Helmer, S.M. and Heumann, E., 2024. Genderspezifische Unterschiede depressiver Symptome von Studienanfänger* innen während der COVID-19-Pandemie. Prävention und Gesundheitsförderung, pp.1-7.",10.1007/s11553-024-01110-6
294,"López-Morales, H., Trudo, R.G., García, M.J., Del-Valle, M.V., Yerro, M., Poó, F.M., Bruna, O., Canet-Juric, L. and Urquijo, S., 2025. Depression and anxiety in the context of the COVID-19 pandemic: A 6-waves longitudinal study in the Argentine population. Social Psychiatry and Psychiatric Epidemiology, 60(3), pp.631-644.",10.21203/rs.3.rs-3382487/v1
296,"Sieverding, M., Krafft, C., Selwaness, I. and Nassif, A.A., 2023. Impacts of the COVID-19 pandemic on subjective wellbeing in the Middle East and North Africa: A gender analysis. PloS one, 18(5), p.e0286405.",10.1371/journal.pone.0286405
299,"Muhajarine, N., Adeyinka, D.A., Pisolkar, V., Ahmed, M.S., Kallio, N., Coomaran, V., McIntosh, T., Novik, N. and Jeffery, B., 2022. Equity analysis of repeated cross-sectional survey data on mental health outcomes in Saskatchewan, Canada during COVID-19 pandemic. International Journal of Environmental Research and Public Health, 19(21), p.13808.",10.3390/ijerph192113808
300,"Abazid, H., Basheti, I.A., Farha, R.A., Al-Jomaa, E.E., Barakat, M., Safadi, W.A. and Amer, M.F., 2023. Impact of COVID-19 on mental health in the Middle East: A cross-sectional study. Electronic Journal of General Medicine, 20(6).",10.29333/ejgm/13518
301,"Zheng, D., Liu, Y., Lu, Y., Qiu, Y., Gao, Y., Li, M. and Li, J., 2023. Effects of the COVID-19 pandemic on mental health and sleep quality in the Chinese general populations during sporadic and outbreak periods. Medicine, 102(45), p.e35666.",10.1097/md.0000000000035666
302,"Rimpelä, A., Kesanto-Jokipolvi, H., Myöhänen, A., Heikonen, L., Oinas, S. and Ahtiainen, R., 2023. School and class closures and adolescent mental health during the second and later waves of the COVID-19 pandemic in Finland: A repeated cross-sectional study. BMC Public Health, 23(1), p.2434.",10.1186/s12889-023-17342-8
303,"Akbulut, S., Kucukakcali, Z., Saritas, H., Bozkir, C., Tamer, M., Akyuz, M., Bagci, N., Unsal, S., Akbulut, M.S., Sahin, T.T. and Colak, C., 2023. Effect of the COVID-19 Pandemic on the Psychological Health of Patients Who Underwent Liver Transplantation Due to Hepatocellular Carcinoma. Diagnostics, 13(8), p.1410.",10.3390/diagnostics13081410
306,"Brieger, S.A., Sonbol, D. and De Clercq, D., 2024. Gender differences in entrepreneurs workfamily conflict and well-being during COVID-19: Moderating effects of gender-egalitarian contexts. Journal of Small Business Management, 62(5), pp.2322-2363.",10.1080/00472778.2023.2235755
311,"Grasmann, L., Morawa, E., Adler, W., Schug, C., Borho, A., Geiser, F., Beschoner, P., Jerg?Bretzke, L., Albus, C., Weidner, K. and Mogwitz, S., 2025. Depression and anxiety among nurses during the COVID?19 pandemic: Longitudinal results over 2 years from the multicentre VOICEEgePan study. Journal of Clinical Nursing, 34(3), pp.860-871.",10.1111/jocn.17079
314,"Herrmann, W.J., Oeser, P., Buspavanich, P., Lech, S., Berger, M. and Gellert, P., 2023. Loneliness and depressive symptoms differ by sexual orientation and gender identity during physical distancing measures in response to COVID?19 pandemic in Germany. Applied Psychology: Health and Well?Being, 15(1), pp.80-96.",10.1111/aphw.12376
315,"Zheng, F., Li, C., Hua, R., Liang, J., Gao, D. and Xie, W., 2023. Sex differences in changes of depressive symptoms among older adults before and during the COVID-19 pandemic: evidence from two longitudinal cohorts. BMC geriatrics, 23(1), p.64.",10.1186/s12877-023-03744-1
316,"Folayan, M.O., Yakusik, A., Enemo, A., Sunday, A., Muhammad, A., Nyako, H.Y., Abdullah, R.M., Okiwu, H. and Lamontagne, E., 2023. Socioeconomic inequality, health inequity and well-being of transgender people during the COVID-19 pandemic in Nigeria. BMC Public Health, 23(1), p.1539.",10.1186/s12889-023-16482-1
317,"Kaltschik, S., Pieh, C., Dale, R., Probst, T., Pammer, B. and Humer, E., 2022. Assessment of the long-term mental health effects on Austrian students after COVID-19 restrictions. International journal of environmental research and public health, 19(20), p.13110.",10.3390/ijerph192013110
318,"León-Zarceño, E., Moreno-Tenas, A., Manchón, J., Quiles Marcos, Y., Quiles Sebastián, M.J. and García-Naveira, A., 2023. Positive psychological characteristics and mental health in skaters during COVID-19 confinement. Revista multidisciplinar de las Ciencias del Deporte, 23(90).",10.2139/ssrn.4994566
320,"Harkness, K.L., Herbison, J.D., Rowe, J., Atallah, R., Salomons, T.V., Trothen, T.J., Duffy, A. and Craig, W.M., 2024. Longitudinal associations between COVID-19 stress and mental health symptoms among university faculty and staff in Canada. International Journal of Stress Management, 31(1), p.45.",10.1037/str0000299
321,"Joannès, C., Redmond, N.M., Kelly-Irving, M., Klinkenberg, J., Guillemot, C., Sordes, F., Delpierre, C. and Neufcourt, L., 2023. The level of education is associated with an anxiety-depressive state among men and womenfindings from France during the first quarter of the COVID-19 pandemic. BMC Public Health, 23(1), p.1405.",10.21203/rs.3.rs-2209784/v1
324,"Jollant, F., Blanc-Brisset, I., Cellier, M., Ambar Akkaoui, M., Tran, V.C., Hamel, J.F., Piot, M.A., Nourredine, M., Nisse, P., French Poison Center Control Research Group and Hawton, K., 2022. Temporal trends in calls for suicide attempts to poison control centers in France during the COVID-19 pandemic: a nationwide study. European Journal of Epidemiology, 37(9), pp.901-913.",10.1007/s10654-022-00907-z
326,"McAloney-Kocaman, K., McPherson, K.E., McGlinchey, E. and Armour, C., 2022. Factors associated with changing alcohol consumption during the first UK lockdown. European journal of public health, 32(5), pp.766-772.",10.1093/eurpub/ckac124
327,"Rekenyi, V., Garbóczy, S., Szemán-Nagy, A., Al-Tammemi, A.A.B., Sayed-Ahmad, M. and Kolozsvári, L.R., 2023. The effects and differences of social support, depression, and vital exhaustion during the COVID-19 pandemic among international and domestic university students. International Journal of Environmental Research and Public Health, 20(2), p.1502.",10.3390/ijerph20021502
328,"Meyers, J.L., McCutcheon, V.V., Horne-Osipenko, K.A., Waters, L.R., Barr, P., Chan, G., Chorlian, D.B., Johnson, E.C., Kuo, S.I.C., Kramer, J.R. and Dick, D.M., 2023. COVID-19 pandemic stressors are associated with reported increases in frequency of drunkenness among individuals with a history of alcohol use disorder. Translational psychiatry, 13(1), p.311.",10.1038/s41398-023-02577-1
329,"Juszko, K., Szary, P., Mazurek, J., Rutkowski, S., Cie?lik, B., Szczepa?ska-Gieracha, J. and Gajda, R., 2022. Long-term consequences of COVID-19 disease specific to women: exploratory research. International Journal of Environmental Research and Public Health, 20(1), p.150.",10.3390/ijerph20010150
332,"Mandi?, S., Ricija, N. and Dodig Hundri?, D., 2024. Effects of Gender and Social Network Use on High School Students Emotional Well-Being during COVID-19. Psychiatry International, 5(2), pp.154-168.",10.3390/psychiatryint5020011
334,"Scoresby, K., Jurney, C., Fackler, A., Tran, C.V., Nugent, W. and Strand, E., 2023. Relationships between diversity demographics, psychological distress, and suicidal thinking in the veterinary profession: a nationwide cross-sectional study during COVID-19. Frontiers in Veterinary Science, 10, p.1130826.",10.3389/fvets.2023.1130826
336,"Madden, D., 2024. Mental health in Ireland during the Covid pandemic: Evidence from two longitudinal surveys. Plos one, 19(3), p.e0279526.",10.1371/journal.pone.0279526
339,"Liu, B., Liu, X., Zou, L., Hu, J., Wang, Y. and Hao, M., 2023. The effects of body dissatisfaction, sleep duration, and exercise habits on the mental health of university students in southern China during COVID-19. PLos One, 18(10), p.e0292896.",10.1371/journal.pone.0292896
340,"Alodhayani, A.A., Almutairi, K.M., Altasan, Z., AlKhaldi, G. and Aljasser, A., 2023. Impact of quarantine on sleep quality and psychological status in COVID-19 suspected cases in Riyadh, Saudi Arabia. Journal of King Saud University-Science, 35(3), p.102529.",10.1016/j.jksus.2022.102529
341,"Cheng, Q., Zhao, G., Chen, J., Deng, Y., Xie, L. and Wang, L., 2022. Gender differences in the prevalence and impact factors of adolescent dissociative symptoms during the coronavirus disease 2019 pandemic. Scientific Reports, 12(1), p.20193.",10.21203/rs.3.rs-1744231/v1
342,"Jozefiakova, B., Kascakova, N., Furstova, J., Sarnikova, G., Hasto, J. and Tavel, P., 2022. COVID anxiety and its predictors among Slovak adolescents. Frontiers in psychology, 13, p.993003.",10.3389/fpsyg.2022.993003
345,"Gilchrist, G., Potts, L.C., Connolly, D.J., Winstock, A., Barratt, M.J., Ferris, J., Gilchrist, E. and Davies, E., 2023. Experience and perpetration of intimate partner violence and abuse by gender of respondent and their current partner before and during COVID-19 restrictions in 2020: A cross-sectional study in 13 countries. BMC Public Health, 23(1), p.316.",10.1186/s12889-022-14635-2
346,"Hajek, A., König, H.H., Sutin, A.R., Terracciano, A., Luchetti, M., Stephan, Y. and Gyasi, R.M., 2024. Prevalence and factors associated with probable depression among the oldest old during the Covid?19 pandemic: evidence from the large, nationally representative Old Age in Germany (D80+)study. Psychogeriatrics, 24(4), pp.838-846.",10.1111/psyg.13129
347,"Duncan, M.J., Mitchell, J., Riazi, N.A., Belita, E., Vanderloo, L.M., Carsley, S., Carson, V., Chaput, J.P., Faulkner, G., Leatherdale, S.T. and Patte, K.A., 2023. Sleep duration change among adolescents in Canada: Examining the impact of COVID-19 in worsening inequity. SSM-Population Health, 23, p.101477.",10.1016/j.ssmph.2023.101477
348,"Rado Krnel, S., Rokar, M., Hovnik Kermanc, M., Rehberger, M., Levi?nik, G. and Ho?evar Grom, A., 2022. Changes in Alcohol Consumption among different Population groups during the SARS-CoV-2 pandemic: outcomes of the Slovenian cross-sectional National Survey (SI-PANDA). International Journal of Environmental Research and Public Health, 19(20), p.13576.",10.3390/ijerph192013576
349,"Pachi, A., Kavourgia, E., Bratis, D., Fytsilis, K., Papageorgiou, S.M., Lekka, D., Sikaras, C. and Tselebis, A., 2023, July. Anger and aggression in relation to psychological resilience and alcohol abuse among health professionals during the first pandemic wave. In Healthcare (Vol. 11, No. 14, p. 2031). MDPI.",10.3390/healthcare11142031
350,"Sfendla, A., Bador, K., Paganelli, M. and Kerekes, N., 2022. Swedish high school students drug and alcohol use habits throughout 2020. International journal of environmental research and public health, 19(24), p.16928.",10.3390/ijerph192416928
351,"Núñez-Cortés, R., Oppenheimer-Lewin, D., Cruz-Montecinos, C., Pérez-Alenda, S., López-Bueno, R. and Calatayud, J., 2024. Risk and preventive factors for depressive symptoms among older Chilean adults during the SARS-CoV-2 outbreak: A longitudinal study. Clinical Gerontologist, 47(2), pp.288-297.",10.1080/07317115.2023.2269910
